;user_id;rental_timestamp;title;year;cost
0;25;2017-10-25 04:48:13.282771;12 Years a Slave;2014;3.48
1;6;2018-10-23 21:20:20.410239;Moonlight;2017;3.03
2;4;2016-10-19 11:00:55.917021;American Beauty;2000;3.78
3;94;2017-07-07 07:11:32.068789;Spotlight;2016;3.82
4;5;2018-09-28 01:52:28.187455;The Departed;2007;3.82
5;30;2018-07-04 07:15:38.066740;12 Years a Slave;2014;3.48
6;33;2017-11-03 04:05:02.091169;12 Years a Slave;2014;3.51
7;66;2017-06-20 11:07:42.614666;American Beauty;2000;3.4
8;30;2019-05-07 18:19:01.166013;The Departed;2007;3.49
9;58;2017-08-22 06:09:03.190889;The Silence of the Lambs;1992;3.46
10;39;2018-02-15 03:21:07.197107;No Country for Old Men;2008;3.21
11;94;2016-10-02 02:03:43.226425;Braveheart;1996;3.44
12;62;2018-08-25 09:16:20.702764;Titanic;1998;3.8
13;63;2017-06-22 12:07:30.243342;Schindler’s List;1994;3.77
14;93;2017-05-12 05:49:29.409813;Chicago;2003;3.03
15;54;2018-02-23 01:25:26.430733;12 Years a Slave;2014;3.96
16;90;2018-01-24 14:53:14.678050;Crash;2006;3.48
17;63;2019-03-08 21:03:27.778281;The English Patient;1997;3.85
18;17;2017-01-25 10:54:39.352232;Argo;2013;3.25
19;10;2019-07-11 16:28:31.801796;12 Years a Slave;2014;3.94
20;52;2018-06-20 18:47:05.265816;Braveheart;1996;3.38
21;81;2017-04-28 02:28:42.393082;The Hurt Locker;2010;3.07
22;10;2017-10-27 00:20:40.374737;The Artist;2012;3.53
23;83;2018-02-10 17:33:25.184361;Green Book;2019;3.29
24;47;2017-10-14 14:56:33.315107;Gladiator;2001;3.29
25;60;2018-05-13 15:38:40.237777;The Lord of the Rings: The Return of the King;2004;3.16
26;59;2019-02-02 23:01:20.652623;Braveheart;1996;3.65
27;76;2019-09-04 23:40:00.252956;The English Patient;1997;3.67
28;72;2018-05-01 05:39:38.788677;A Beautiful Mind;2002;3.88
29;35;2018-03-01 00:35:50.344337;Slumdog Millionaire;2009;3.88
30;15;2018-06-01 12:19:01.936792;Gladiator;2001;3.73
31;7;2017-07-09 08:25:13.938915;American Beauty;2000;3.64
32;62;2017-04-16 03:00:55.941220;The Shape of Water;2018;3.13
33;54;2019-04-21 09:14:00.104796;Slumdog Millionaire;2009;3.55
34;77;2018-01-21 13:15:03.836359;Spotlight;2016;3.94
35;4;2017-08-23 20:07:20.689913;The Lord of the Rings: The Return of the King;2004;3.43
36;64;2017-01-17 15:19:59.844769;The Silence of the Lambs;1992;3.46
37;8;2017-02-03 12:45:27.260335;Shakespeare in Love;1999;3.08
38;62;2019-01-20 17:02:12.353779;Spotlight;2016;3.46
39;12;2017-03-01 09:28:21.950445;Unforgiven;1993;3.16
40;9;2019-06-04 18:49:25.042811;Forrest Gump;1995;3.0
41;5;2018-02-25 21:30:02.289288;The Hurt Locker;2010;3.2
42;73;2017-11-08 08:30:00.959516;Forrest Gump;1995;3.9
43;52;2017-07-01 19:18:32.210629;Slumdog Millionaire;2009;3.11
44;68;2017-02-25 11:22:40.404439;Schindler’s List;1994;3.09
45;4;2018-03-23 22:18:52.530263;The King's Speech;2011;3.8
46;29;2018-10-30 04:53:33.073397;Chicago;2003;3.92
47;75;2019-09-25 09:43:30.761907;A Beautiful Mind;2002;3.13
48;4;2019-01-03 14:58:15.569286;The Silence of the Lambs;1992;3.78
49;98;2017-09-28 10:48:53.730632;Green Book;2019;3.41
50;29;2018-01-20 03:44:42.159821;Titanic;1998;3.54
51;85;2017-06-14 19:33:49.758016;The Shape of Water;2018;3.55
52;42;2018-11-08 03:23:12.334436;Driving Miss Daisy;1990;3.09
53;25;2019-07-03 16:48:00.108243;Forrest Gump;1995;3.29
54;81;2018-03-22 09:49:59.499725;The Hurt Locker;2010;3.15
55;29;2017-08-04 04:01:46.275250;Moonlight;2017;3.02
56;80;2018-07-04 04:25:28.328219;The Shape of Water;2018;3.51
57;40;2017-09-03 02:07:18.991772;The Silence of the Lambs;1992;3.19
58;74;2016-10-04 06:00:53.316489;Argo;2013;3.65
59;22;2016-12-22 19:51:18.699763;No Country for Old Men;2008;3.51
60;29;2017-03-23 22:11:35.453467;A Beautiful Mind;2002;3.53
61;62;2018-03-27 21:48:57.464718;Birdman;2015;3.68
62;11;2019-09-15 04:47:16.417961;Spotlight;2016;3.51
63;10;2018-01-29 16:57:59.769901;Shakespeare in Love;1999;3.49
64;18;2019-09-27 00:26:00.631579;Unforgiven;1993;3.56
65;50;2017-03-27 08:14:46.388408;Schindler’s List;1994;3.83
66;23;2018-05-07 05:15:40.412048;Driving Miss Daisy;1990;3.86
67;91;2018-02-19 01:54:16.870130;A Beautiful Mind;2002;3.63
68;53;2017-10-09 04:10:53.332365;Slumdog Millionaire;2009;3.72
69;84;2018-11-18 02:13:07.643684;The English Patient;1997;3.99
70;23;2018-07-26 19:07:40.843457;Million Dollar Baby;2005;3.97
71;95;2018-02-20 20:03:27.701502;The Silence of the Lambs;1992;3.83
72;83;2018-04-26 16:28:53.807288;No Country for Old Men;2008;3.85
73;33;2019-06-04 02:19:37.164427;Crash;2006;3.0
74;11;2018-11-09 16:33:54.713465;Argo;2013;3.73
75;79;2016-11-22 11:59:39.926566;American Beauty;2000;3.73
76;27;2017-10-29 10:41:07.984251;Chicago;2003;3.37
77;44;2019-09-23 17:50:38.533581;A Beautiful Mind;2002;3.87
78;41;2018-07-30 15:25:45.439088;12 Years a Slave;2014;3.04
79;72;2016-10-25 23:20:07.601591;Argo;2013;3.27
80;96;2016-10-28 17:58:04.428283;The Silence of the Lambs;1992;3.01
81;51;2018-01-23 13:46:13.246123;Schindler’s List;1994;3.42
82;42;2018-09-30 00:56:26.454837;Schindler’s List;1994;3.32
83;89;2018-01-09 22:12:17.347387;A Beautiful Mind;2002;3.39
84;22;2017-08-11 23:57:29.984831;Forrest Gump;1995;3.56
85;81;2016-12-18 07:14:31.082918;The Shape of Water;2018;3.91
86;48;2017-05-26 21:54:50.489333;Chicago;2003;3.37
87;26;2017-06-12 02:04:15.229060;Slumdog Millionaire;2009;3.18
88;60;2018-09-17 13:06:31.903412;The King's Speech;2011;3.5
89;15;2018-08-14 00:04:34.158616;Million Dollar Baby;2005;3.17
90;96;2019-01-20 21:38:24.466012;Braveheart;1996;3.39
91;32;2017-11-22 14:07:14.257115;Titanic;1998;3.08
92;37;2017-08-16 05:11:39.686649;The Shape of Water;2018;3.75
93;37;2018-08-15 21:58:57.230574;12 Years a Slave;2014;3.87
94;69;2017-03-13 15:43:08.796192;Forrest Gump;1995;3.47
95;35;2017-01-23 09:43:10.397251;Shakespeare in Love;1999;3.52
96;88;2017-06-23 00:13:40.136507;Crash;2006;3.46
97;95;2018-11-04 07:08:28.393387;The Silence of the Lambs;1992;3.78
98;30;2017-09-17 21:08:38.194039;Schindler’s List;1994;3.89
99;32;2019-07-15 08:02:22.617727;No Country for Old Men;2008;3.97
100;84;2017-08-05 23:47:15.536953;The Artist;2012;3.76
101;69;2019-07-23 07:55:18.595888;The King's Speech;2011;3.67
102;58;2017-12-31 08:03:46.331738;Chicago;2003;3.37
103;58;2018-03-07 06:28:00.732964;Million Dollar Baby;2005;3.52
104;36;2018-07-29 22:43:53.908283;Braveheart;1996;3.27
105;20;2019-08-08 20:09:38.573136;Million Dollar Baby;2005;3.98
106;67;2017-07-04 15:52:22.471748;Slumdog Millionaire;2009;3.5
107;95;2017-09-07 03:35:47.224084;American Beauty;2000;3.58
108;44;2019-03-07 12:51:30.118916;The Artist;2012;3.17
109;13;2016-12-29 21:20:27.940493;Forrest Gump;1995;3.66
110;80;2017-09-28 20:53:29.203961;Shakespeare in Love;1999;3.43
111;18;2018-06-14 13:51:48.521061;Chicago;2003;3.21
112;90;2017-05-12 11:12:04.982351;Schindler’s List;1994;3.96
113;29;2018-07-08 11:15:24.422448;No Country for Old Men;2008;3.88
114;66;2017-10-10 08:25:19.190817;No Country for Old Men;2008;3.74
115;16;2019-05-19 21:15:22.532482;The Lord of the Rings: The Return of the King;2004;3.75
116;72;2019-01-20 23:39:01.030913;A Beautiful Mind;2002;3.69
117;47;2019-01-04 00:17:24.886864;Moonlight;2017;3.21
118;57;2018-05-17 04:55:35.961414;Crash;2006;3.84
119;54;2019-05-25 17:20:26.133499;Dances With Wolves;1991;3.92
120;57;2018-10-31 09:55:23.771663;Titanic;1998;3.09
121;99;2018-12-29 18:18:00.104622;The Silence of the Lambs;1992;3.26
122;67;2018-03-11 08:08:51.593188;Driving Miss Daisy;1990;3.57
123;57;2017-11-20 01:13:39.511698;American Beauty;2000;3.94
124;38;2016-12-20 20:07:43.271062;Forrest Gump;1995;3.43
125;46;2017-09-18 04:00:22.946223;No Country for Old Men;2008;3.42
126;71;2017-05-22 21:59:26.987492;A Beautiful Mind;2002;3.01
127;17;2017-04-20 20:03:06.188321;Million Dollar Baby;2005;3.81
128;13;2017-04-14 06:34:49.016189;Birdman;2015;3.13
129;10;2017-08-29 18:10:17.852626;Schindler’s List;1994;3.08
130;1;2017-06-25 12:07:56.328848;Driving Miss Daisy;1990;3.37
131;51;2019-09-25 09:43:49.681879;Forrest Gump;1995;3.12
132;10;2018-10-22 01:00:24.785675;Gladiator;2001;3.53
133;17;2018-11-11 10:33:04.640472;Shakespeare in Love;1999;3.89
134;31;2019-05-04 12:18:23.743457;Birdman;2015;3.31
135;23;2019-08-11 06:32:02.748500;The Silence of the Lambs;1992;3.23
136;82;2019-04-09 15:19:54.650298;Unforgiven;1993;3.54
137;98;2018-07-13 11:43:20.472379;Titanic;1998;3.82
138;14;2017-02-28 00:30:40.645932;The English Patient;1997;3.03
139;5;2018-05-15 02:15:25.538199;The Lord of the Rings: The Return of the King;2004;3.14
140;55;2017-01-15 19:06:58.377605;Spotlight;2016;3.64
141;59;2016-11-26 02:02:43.772770;The English Patient;1997;3.61
142;20;2018-07-23 04:30:28.102031;The Silence of the Lambs;1992;3.37
143;32;2016-10-02 06:53:12.896611;Spotlight;2016;3.44
144;11;2018-07-29 23:34:18.816257;12 Years a Slave;2014;3.02
145;87;2019-09-12 04:44:50.437069;Chicago;2003;3.04
146;5;2019-05-09 02:15:19.528916;Titanic;1998;3.89
147;85;2017-02-26 10:03:26.059144;A Beautiful Mind;2002;3.6
148;26;2018-02-14 17:17:38.399231;Slumdog Millionaire;2009;3.57
149;49;2017-12-21 05:45:38.253483;Driving Miss Daisy;1990;3.09
150;49;2019-07-05 23:26:31.956149;Birdman;2015;3.95
151;39;2017-04-17 20:38:49.958048;Forrest Gump;1995;3.74
152;78;2019-05-07 12:29:48.262276;A Beautiful Mind;2002;3.21
153;18;2016-10-27 04:07:24.480683;Moonlight;2017;3.48
154;90;2018-02-15 08:56:44.874421;The King's Speech;2011;3.95
155;78;2019-07-30 05:17:37.763759;Driving Miss Daisy;1990;3.35
156;45;2019-08-16 03:58:44.170323;Birdman;2015;3.34
157;75;2019-01-19 05:31:52.926861;Argo;2013;3.42
158;53;2017-11-02 04:20:48.393355;A Beautiful Mind;2002;3.07
159;83;2019-03-17 22:01:19.581393;Green Book;2019;3.17
160;32;2018-04-16 10:39:44.672127;Spotlight;2016;3.72
161;49;2017-08-06 19:50:08.814822;Green Book;2019;3.99
162;24;2017-06-08 08:47:11.109365;Titanic;1998;3.72
163;97;2018-11-11 17:23:39.753197;The English Patient;1997;3.67
164;99;2019-05-07 20:58:31.291888;Birdman;2015;3.76
165;8;2019-04-26 07:55:01.840972;Chicago;2003;3.47
166;77;2017-12-24 13:24:59.963292;Slumdog Millionaire;2009;3.11
167;31;2017-12-07 14:34:17.513782;Driving Miss Daisy;1990;3.6
168;12;2019-07-23 16:40:26.489693;The Shape of Water;2018;3.06
169;5;2018-06-02 06:23:12.862208;Forrest Gump;1995;3.45
170;31;2018-08-12 04:49:46.993272;A Beautiful Mind;2002;3.8
171;52;2018-10-18 13:25:34.259288;The Artist;2012;3.3
172;34;2016-10-24 20:18:48.402233;Million Dollar Baby;2005;3.78
173;1;2017-03-09 02:12:44.519563;Gladiator;2001;3.09
174;82;2019-03-20 09:44:37.248813;The Shape of Water;2018;3.8
175;30;2018-03-30 12:23:34.413832;Braveheart;1996;3.92
176;82;2018-02-17 22:37:59.073675;Argo;2013;3.36
177;72;2017-11-16 16:02:06.300750;American Beauty;2000;3.25
178;3;2018-06-29 14:39:47.249521;Unforgiven;1993;3.58
179;85;2019-02-12 19:59:32.897205;Driving Miss Daisy;1990;3.26
180;92;2017-08-30 18:52:58.778816;Forrest Gump;1995;3.15
181;77;2018-10-31 08:14:35.135089;Schindler’s List;1994;3.06
182;37;2017-09-17 01:01:38.362095;No Country for Old Men;2008;3.7
183;97;2018-01-19 13:50:25.477214;Titanic;1998;3.51
184;60;2018-08-29 02:44:31.221067;The Lord of the Rings: The Return of the King;2004;3.19
185;27;2018-08-22 22:31:11.399359;Argo;2013;3.23
186;1;2018-05-24 14:24:26.355913;12 Years a Slave;2014;3.81
187;93;2018-08-31 23:37:46.278038;Million Dollar Baby;2005;3.6
188;78;2017-01-02 15:41:24.676299;Titanic;1998;3.7
189;22;2018-09-25 21:50:17.719249;Driving Miss Daisy;1990;3.08
190;17;2018-08-16 05:29:11.674946;Driving Miss Daisy;1990;3.18
191;50;2017-02-11 03:19:24.428464;A Beautiful Mind;2002;3.31
192;10;2018-05-07 15:13:14.106596;The Silence of the Lambs;1992;3.61
193;1;2019-01-18 13:22:34.553435;The Departed;2007;3.04
194;45;2017-08-23 10:54:11.072324;The Silence of the Lambs;1992;3.41
195;46;2018-06-02 19:58:41.461758;The Lord of the Rings: The Return of the King;2004;3.19
196;63;2018-07-02 20:29:50.324360;Braveheart;1996;3.86
197;100;2018-03-15 11:21:52.190299;Chicago;2003;3.27
198;48;2019-03-22 14:58:37.602435;Spotlight;2016;3.03
199;79;2018-09-27 09:59:41.387537;Forrest Gump;1995;3.53
200;26;2017-05-06 00:09:37.623088;Green Book;2019;3.91
201;2;2018-04-25 01:19:36.141902;Chicago;2003;3.48
202;18;2017-03-22 18:58:15.138397;American Beauty;2000;3.57
203;100;2018-05-16 12:29:32.878014;The King's Speech;2011;3.91
204;80;2018-09-08 04:26:12.685804;Green Book;2019;3.01
205;44;2018-05-06 07:54:07.802404;Slumdog Millionaire;2009;3.73
206;72;2019-01-26 09:35:15.222787;Argo;2013;3.41
207;10;2018-08-06 19:16:52.068289;Slumdog Millionaire;2009;3.22
208;13;2019-08-03 02:40:14.394311;Shakespeare in Love;1999;3.71
209;29;2019-05-18 01:56:22.166575;Shakespeare in Love;1999;3.73
210;81;2017-04-15 18:49:18.307529;Green Book;2019;3.69
211;59;2017-07-13 22:49:01.089993;Braveheart;1996;3.36
212;5;2017-09-02 14:37:53.790295;Birdman;2015;3.76
213;70;2018-08-09 20:46:33.424545;Chicago;2003;3.9
214;88;2017-07-27 10:01:51.762682;No Country for Old Men;2008;3.82
215;12;2018-12-27 13:35:04.640492;Dances With Wolves;1991;3.69
216;10;2019-09-29 00:13:13.483887;The Artist;2012;3.22
217;35;2017-06-24 20:22:34.816949;American Beauty;2000;3.69
218;24;2018-04-10 17:49:03.424725;The Lord of the Rings: The Return of the King;2004;3.29
219;30;2016-11-13 09:09:58.351742;The Lord of the Rings: The Return of the King;2004;3.78
220;87;2019-09-24 18:43:41.131050;Shakespeare in Love;1999;3.43
221;64;2017-07-23 05:28:37.498075;The Silence of the Lambs;1992;3.67
222;82;2017-05-10 01:30:01.791777;Gladiator;2001;3.03
223;7;2016-12-20 16:46:09.694452;No Country for Old Men;2008;3.98
224;76;2016-12-17 20:57:53.376275;Crash;2006;3.66
225;61;2017-09-12 09:58:56.080780;The Silence of the Lambs;1992;3.58
226;25;2017-01-12 16:55:43.660804;Driving Miss Daisy;1990;3.24
227;36;2017-06-28 21:20:16.779674;Unforgiven;1993;3.82
228;23;2019-01-09 18:13:30.277026;The Shape of Water;2018;3.87
229;5;2018-03-16 15:56:03.033651;Moonlight;2017;3.27
230;39;2018-10-29 19:35:42.114912;The Hurt Locker;2010;3.0
231;86;2019-05-12 12:14:25.108908;The Artist;2012;3.86
232;56;2016-10-30 02:30:26.676872;The Artist;2012;3.31
233;71;2018-12-04 05:31:25.157800;A Beautiful Mind;2002;3.24
234;73;2018-08-16 08:34:20.179063;Schindler’s List;1994;3.16
235;1;2019-04-23 11:47:21.819725;Driving Miss Daisy;1990;3.03
236;12;2018-04-16 15:35:52.394705;Gladiator;2001;3.64
237;64;2018-01-06 06:05:06.874110;Birdman;2015;3.91
238;31;2019-01-19 12:43:37.224815;Braveheart;1996;3.8
239;47;2017-09-06 13:39:20.442169;Argo;2013;3.93
240;56;2018-09-12 22:24:48.642030;Moonlight;2017;3.51
241;81;2017-02-08 06:23:08.007621;Titanic;1998;3.56
242;97;2016-10-04 04:02:49.313023;Million Dollar Baby;2005;3.4
243;98;2019-03-31 23:12:02.971794;Birdman;2015;3.05
244;66;2017-07-11 20:30:12.878706;Birdman;2015;3.56
245;51;2017-04-29 05:35:21.041260;The Departed;2007;3.72
246;90;2017-03-15 04:47:39.877349;The English Patient;1997;3.41
247;88;2018-11-29 22:36:16.097387;Crash;2006;3.7
248;56;2018-03-28 01:36:47.557063;The English Patient;1997;3.66
249;7;2018-11-17 01:33:11.406859;Braveheart;1996;3.71
250;19;2017-02-08 14:29:14.977787;No Country for Old Men;2008;3.29
251;51;2017-03-06 04:26:23.945853;Braveheart;1996;3.52
252;44;2019-09-15 22:00:58.515019;Birdman;2015;3.96
253;99;2019-01-07 08:17:48.287757;The Lord of the Rings: The Return of the King;2004;3.7
254;30;2017-09-05 23:23:08.842181;The English Patient;1997;3.41
255;14;2018-12-20 02:12:04.810017;Slumdog Millionaire;2009;3.31
256;59;2017-01-06 11:49:12.523955;The Lord of the Rings: The Return of the King;2004;3.57
257;74;2018-12-15 02:59:51.083323;Shakespeare in Love;1999;3.52
258;30;2018-04-14 09:49:06.396916;Birdman;2015;3.11
259;5;2016-11-14 22:17:10.521140;The Lord of the Rings: The Return of the King;2004;3.17
260;49;2017-12-03 04:22:22.131348;The Lord of the Rings: The Return of the King;2004;3.17
261;89;2019-07-16 18:00:30.042947;The Hurt Locker;2010;3.82
262;71;2017-05-12 22:44:40.323696;Schindler’s List;1994;3.37
263;53;2017-05-29 11:11:21.952313;Slumdog Millionaire;2009;3.86
264;61;2018-03-03 14:58:39.243243;Crash;2006;3.26
265;61;2017-03-25 06:23:25.296719;Million Dollar Baby;2005;3.31
266;41;2018-01-08 02:05:38.327796;The Silence of the Lambs;1992;3.98
267;11;2017-05-07 15:28:36.752982;Argo;2013;3.81
268;77;2019-09-24 08:50:46.495644;Gladiator;2001;3.9
269;96;2019-09-28 01:07:32.613911;Forrest Gump;1995;3.41
270;80;2017-04-13 17:01:37.272100;The Shape of Water;2018;3.93
271;94;2018-11-02 07:43:16.870537;Crash;2006;3.78
272;79;2018-12-06 20:26:35.367604;The Departed;2007;3.47
273;62;2018-10-25 06:07:19.250892;Green Book;2019;3.2
274;29;2016-12-28 01:59:41.645094;Green Book;2019;3.22
275;98;2019-06-16 09:32:16.347333;Gladiator;2001;3.36
276;15;2019-07-22 21:50:23.605798;Unforgiven;1993;3.28
277;9;2018-07-13 18:40:12.496809;The Hurt Locker;2010;3.09
278;82;2017-07-22 03:14:49.798063;Crash;2006;3.15
279;42;2017-03-02 09:36:03.710776;Chicago;2003;3.47
280;84;2017-12-08 11:56:44.837687;Birdman;2015;3.54
281;81;2018-05-14 16:47:07.177372;Schindler’s List;1994;3.41
282;32;2017-07-08 18:56:06.942383;Million Dollar Baby;2005;3.18
283;55;2018-12-15 18:29:26.824169;The English Patient;1997;3.76
284;95;2019-07-02 04:50:34.478075;Titanic;1998;3.62
285;74;2019-05-23 13:58:52.096215;Green Book;2019;3.98
286;9;2017-10-22 01:18:37.317802;The Shape of Water;2018;3.62
287;97;2017-03-09 23:13:56.442052;Argo;2013;3.31
288;14;2018-10-15 12:38:09.159162;Spotlight;2016;3.84
289;77;2017-05-16 03:36:37.236338;Spotlight;2016;3.84
290;90;2016-12-21 05:25:31.575330;Unforgiven;1993;3.69
291;60;2018-06-06 15:50:18.497469;The Silence of the Lambs;1992;3.78
292;43;2019-02-03 05:35:58.631381;The Lord of the Rings: The Return of the King;2004;3.06
293;70;2017-12-19 13:28:58.803955;Crash;2006;3.04
294;94;2016-11-27 12:49:30.824238;Green Book;2019;3.31
295;1;2017-06-05 04:10:57.974838;The Artist;2012;3.3
296;7;2017-09-09 13:22:15.476419;The Departed;2007;3.32
297;37;2017-01-24 16:51:15.058245;The English Patient;1997;3.07
298;35;2018-05-12 23:41:15.609901;The Artist;2012;3.87
299;13;2017-10-21 07:23:06.686966;Dances With Wolves;1991;3.15
300;44;2016-10-30 18:45:11.325449;Moonlight;2017;3.19
301;82;2017-01-19 08:05:41.696421;The Lord of the Rings: The Return of the King;2004;3.77
302;44;2018-06-06 22:08:03.593820;Schindler’s List;1994;3.09
303;41;2019-06-13 03:32:15.330446;Schindler’s List;1994;3.8
304;23;2016-11-19 10:38:35.693283;Crash;2006;3.1
305;31;2017-08-17 13:51:47.590446;The King's Speech;2011;3.27
306;18;2017-08-01 10:47:18.856742;Dances With Wolves;1991;3.58
307;24;2018-09-05 03:36:46.311610;The Lord of the Rings: The Return of the King;2004;3.96
308;60;2019-09-01 14:38:02.035273;Million Dollar Baby;2005;3.51
309;40;2018-12-16 18:03:42.134676;The King's Speech;2011;3.31
310;37;2017-10-30 23:46:56.818485;The Silence of the Lambs;1992;3.82
311;87;2017-09-13 15:53:34.045297;Driving Miss Daisy;1990;3.76
312;59;2018-02-18 22:01:53.999511;Dances With Wolves;1991;3.66
313;29;2016-11-20 10:31:10.165624;Chicago;2003;3.58
314;89;2017-11-12 10:05:45.497643;Gladiator;2001;3.18
315;67;2017-01-01 19:01:45.401254;Green Book;2019;3.22
316;32;2019-04-10 21:46:37.869140;Dances With Wolves;1991;3.06
317;89;2018-12-05 01:55:39.123813;The Departed;2007;3.66
318;99;2017-05-05 16:20:44.808457;Forrest Gump;1995;3.29
319;2;2018-11-16 05:04:48.869826;Gladiator;2001;3.53
320;20;2017-03-18 22:34:18.579464;The Lord of the Rings: The Return of the King;2004;3.75
321;65;2019-01-11 20:53:38.495461;Chicago;2003;3.24
322;93;2018-02-02 07:13:23.459814;American Beauty;2000;3.62
323;96;2019-09-23 02:31:48.168613;The Artist;2012;3.68
324;28;2018-12-07 21:47:37.289051;The Hurt Locker;2010;3.65
325;9;2017-09-27 03:41:45.558389;Driving Miss Daisy;1990;3.17
326;88;2016-11-30 03:11:18.844587;12 Years a Slave;2014;3.17
327;100;2018-01-25 08:37:04.406229;Driving Miss Daisy;1990;3.0
328;40;2017-05-13 16:46:05.323923;No Country for Old Men;2008;3.95
329;30;2018-08-13 02:36:42.688023;The English Patient;1997;3.27
330;81;2017-10-14 01:49:36.256935;The Hurt Locker;2010;3.87
331;99;2017-01-21 17:55:08.802298;Titanic;1998;3.24
332;58;2017-04-25 22:58:23.936406;Unforgiven;1993;3.9
333;63;2017-12-07 01:52:58.521075;The Departed;2007;3.15
334;81;2018-08-19 20:05:51.020169;Million Dollar Baby;2005;3.24
335;8;2018-06-07 20:02:14.073300;Titanic;1998;3.96
336;90;2017-01-03 23:04:36.926083;The English Patient;1997;3.57
337;89;2018-01-14 21:26:28.818955;The English Patient;1997;3.16
338;19;2018-02-03 01:24:15.881036;The Artist;2012;3.21
339;52;2018-11-19 03:04:11.724721;Gladiator;2001;3.49
340;59;2017-11-14 23:51:01.825377;The Lord of the Rings: The Return of the King;2004;3.92
341;20;2017-01-02 07:54:31.600467;The Lord of the Rings: The Return of the King;2004;3.84
342;22;2019-09-30 22:12:35.609442;Dances With Wolves;1991;3.74
343;100;2018-11-25 10:00:52.356009;Forrest Gump;1995;3.89
344;69;2017-02-28 18:33:10.475376;Gladiator;2001;3.6
345;97;2016-12-15 17:26:06.420795;No Country for Old Men;2008;3.98
346;61;2019-02-23 03:23:53.570405;Crash;2006;3.88
347;8;2018-08-14 11:15:31.920878;Dances With Wolves;1991;3.08
348;69;2019-05-17 14:02:54.707459;Birdman;2015;3.79
349;55;2019-08-28 05:01:35.008292;The Shape of Water;2018;3.88
350;87;2019-01-10 04:18:16.314963;The King's Speech;2011;3.38
351;99;2017-01-21 20:47:55.288862;Million Dollar Baby;2005;3.6
352;89;2018-03-20 09:23:56.237522;Spotlight;2016;3.07
353;9;2019-06-19 12:25:16.174092;Spotlight;2016;3.0
354;59;2016-12-04 01:55:20.203294;Unforgiven;1993;3.85
355;76;2017-07-15 03:40:07.593530;Chicago;2003;3.55
356;67;2019-07-05 11:33:53.679761;Million Dollar Baby;2005;3.84
357;58;2018-08-17 06:05:34.306948;Titanic;1998;3.77
358;4;2018-03-26 15:33:00.885158;Braveheart;1996;3.16
359;12;2017-10-08 21:01:20.387518;Schindler’s List;1994;3.08
360;75;2017-01-30 16:29:58.332700;A Beautiful Mind;2002;3.97
361;30;2019-05-06 09:22:52.495690;The Hurt Locker;2010;3.12
362;72;2018-01-29 03:32:50.034993;The Shape of Water;2018;3.82
363;36;2017-06-17 02:34:38.956019;Moonlight;2017;3.49
364;81;2019-06-27 19:31:03.536512;Argo;2013;3.53
365;34;2016-11-20 06:20:53.892635;Forrest Gump;1995;3.61
366;61;2017-02-13 23:27:17.157573;Titanic;1998;3.41
367;71;2017-08-11 14:21:44.330613;The King's Speech;2011;3.48
368;2;2016-12-07 03:00:52.541434;Schindler’s List;1994;3.55
369;47;2019-01-04 23:54:15.019397;A Beautiful Mind;2002;3.68
370;17;2017-06-10 12:28:38.554932;The Shape of Water;2018;3.61
371;45;2016-10-28 20:10:34.145378;The Silence of the Lambs;1992;3.86
372;54;2017-10-23 02:49:18.674175;Unforgiven;1993;3.4
373;9;2019-02-09 20:55:18.004301;12 Years a Slave;2014;3.61
374;58;2017-08-26 14:31:17.903640;The King's Speech;2011;3.75
375;94;2017-03-19 00:36:01.967650;12 Years a Slave;2014;3.43
376;57;2017-03-03 19:58:29.168559;Shakespeare in Love;1999;3.53
377;13;2018-08-26 10:50:18.947621;Chicago;2003;3.24
378;54;2018-02-24 00:32:24.158273;American Beauty;2000;3.09
379;87;2017-11-12 15:29:33.303269;Million Dollar Baby;2005;3.28
380;6;2017-08-16 11:29:13.722799;Argo;2013;3.74
381;32;2018-07-10 13:24:15.642784;Unforgiven;1993;3.59
382;28;2017-12-04 11:01:51.566194;American Beauty;2000;3.94
383;34;2018-10-04 06:13:10.061988;Slumdog Millionaire;2009;3.55
384;85;2018-04-08 05:27:35.486908;A Beautiful Mind;2002;3.59
385;24;2017-01-19 09:30:17.680355;Moonlight;2017;3.08
386;80;2018-12-03 22:38:49.179592;Driving Miss Daisy;1990;3.7
387;43;2017-11-21 19:25:50.576547;A Beautiful Mind;2002;3.86
388;47;2017-03-20 11:30:53.004562;The King's Speech;2011;3.55
389;20;2018-07-02 23:57:24.787373;The Artist;2012;3.57
390;63;2016-12-11 16:36:49.428593;The Silence of the Lambs;1992;3.0
391;10;2017-07-08 02:02:11.980183;Chicago;2003;3.71
392;19;2017-06-13 10:46:08.992873;Gladiator;2001;3.55
393;25;2018-03-04 10:35:01.448752;Unforgiven;1993;3.95
394;90;2017-02-26 14:43:16.722677;The Silence of the Lambs;1992;3.34
395;64;2017-03-15 21:03:18.928592;Driving Miss Daisy;1990;3.81
396;46;2018-07-16 20:24:53.696605;Driving Miss Daisy;1990;3.17
397;46;2016-12-19 20:28:47.988659;Green Book;2019;3.51
398;97;2019-02-22 04:28:31.065770;The Artist;2012;3.82
399;90;2018-11-01 08:36:15.282235;Green Book;2019;3.01
400;83;2018-04-08 15:32:11.016927;Slumdog Millionaire;2009;3.93
401;95;2018-05-06 01:58:15.050817;Schindler’s List;1994;3.84
402;5;2017-03-01 04:33:44.263752;Argo;2013;3.05
403;67;2016-11-17 13:00:39.985346;Schindler’s List;1994;3.0
404;95;2017-05-12 09:12:42.384260;Million Dollar Baby;2005;3.05
405;74;2018-06-01 19:24:33.624920;Titanic;1998;3.94
406;65;2018-09-18 03:21:01.714275;Forrest Gump;1995;3.97
407;32;2017-09-25 05:03:52.496835;The Hurt Locker;2010;3.32
408;67;2018-03-11 15:48:08.462421;Spotlight;2016;3.65
409;42;2018-04-23 07:09:14.934120;Crash;2006;3.98
410;29;2017-12-27 22:50:52.270581;Million Dollar Baby;2005;3.25
411;49;2017-01-26 02:39:54.125092;Spotlight;2016;3.26
412;39;2018-12-28 23:51:20.846275;Moonlight;2017;3.03
413;37;2016-12-05 19:21:53.868820;Schindler’s List;1994;3.88
414;5;2018-02-08 07:37:09.554778;The King's Speech;2011;3.72
415;81;2018-10-04 20:38:13.620792;The Departed;2007;3.76
416;46;2017-12-02 16:51:34.195593;Schindler’s List;1994;3.5
417;50;2019-02-21 03:21:53.105451;Argo;2013;3.39
418;50;2017-08-12 20:47:36.610225;Slumdog Millionaire;2009;3.69
419;66;2018-09-12 18:17:45.269583;The Departed;2007;3.88
420;2;2017-07-21 17:43:37.179253;Slumdog Millionaire;2009;3.31
421;23;2019-06-29 06:24:02.008010;The Lord of the Rings: The Return of the King;2004;3.89
422;6;2018-03-17 11:17:45.606253;Unforgiven;1993;3.92
423;21;2019-09-07 04:30:12.235850;Braveheart;1996;3.21
424;86;2018-09-17 04:33:10.483428;No Country for Old Men;2008;3.26
425;22;2018-10-31 16:48:42.772800;Unforgiven;1993;3.89
426;98;2017-09-05 17:17:25.115292;Shakespeare in Love;1999;3.94
427;48;2017-10-22 23:18:58.961596;12 Years a Slave;2014;3.92
428;34;2018-06-10 14:28:53.731868;Birdman;2015;3.83
429;91;2017-05-08 07:12:52.743427;No Country for Old Men;2008;3.56
430;75;2017-12-06 02:02:11.225667;Moonlight;2017;3.47
431;7;2017-06-17 00:49:35.096659;Crash;2006;3.22
432;62;2017-10-07 08:36:26.891783;The Artist;2012;3.55
433;13;2017-06-25 16:55:36.972862;The Hurt Locker;2010;3.27
434;25;2017-05-15 18:28:50.396029;Birdman;2015;3.78
435;91;2017-11-20 14:11:34.076516;Slumdog Millionaire;2009;3.14
436;1;2018-10-13 01:45:10.315188;Dances With Wolves;1991;3.41
437;48;2018-04-04 15:37:35.069388;Titanic;1998;3.53
438;78;2018-06-27 17:22:53.118361;Slumdog Millionaire;2009;3.0
439;33;2017-05-20 18:46:48.259998;Dances With Wolves;1991;3.34
440;76;2019-08-21 00:45:39.145009;Birdman;2015;3.61
441;27;2019-08-28 06:17:55.186370;Spotlight;2016;3.15
442;78;2019-09-29 00:54:30.360797;A Beautiful Mind;2002;3.15
443;69;2017-12-04 07:34:13.195655;Titanic;1998;3.76
444;52;2019-06-27 03:30:09.205719;The King's Speech;2011;3.17
445;46;2019-07-11 18:08:05.765308;The Shape of Water;2018;3.45
446;95;2019-08-21 09:07:30.369755;Million Dollar Baby;2005;3.77
447;82;2017-05-23 00:04:46.775801;Argo;2013;3.56
448;35;2017-04-04 22:48:22.536467;Driving Miss Daisy;1990;3.08
449;100;2019-01-13 06:53:34.848614;The English Patient;1997;3.17
450;56;2019-07-05 17:42:33.799255;Schindler’s List;1994;3.68
451;40;2018-02-03 00:00:25.592631;Shakespeare in Love;1999;3.78
452;98;2017-06-09 11:08:55.606249;Million Dollar Baby;2005;3.96
453;30;2017-11-08 19:13:00.695721;The Lord of the Rings: The Return of the King;2004;3.91
454;6;2017-10-26 20:05:45.692345;Driving Miss Daisy;1990;3.19
455;39;2017-05-28 10:24:36.914855;The Departed;2007;3.26
456;83;2018-05-27 13:40:29.245354;The Lord of the Rings: The Return of the King;2004;3.63
457;10;2018-03-20 22:22:50.946543;Spotlight;2016;3.25
458;87;2017-03-18 05:22:08.234639;Argo;2013;3.79
459;10;2017-08-29 14:57:56.087920;Titanic;1998;3.64
460;48;2018-02-10 18:27:32.849707;A Beautiful Mind;2002;3.97
461;95;2016-10-12 14:20:51.413172;Driving Miss Daisy;1990;3.62
462;58;2017-01-11 18:00:53.467976;Gladiator;2001;3.32
463;5;2018-02-12 06:41:21.502413;Unforgiven;1993;3.68
464;98;2019-03-12 04:11:27.196453;12 Years a Slave;2014;3.54
465;30;2018-03-03 18:37:33.905173;Dances With Wolves;1991;3.98
466;91;2018-11-02 12:37:45.627028;The Lord of the Rings: The Return of the King;2004;3.25
467;10;2017-01-26 08:22:47.550639;Million Dollar Baby;2005;3.97
468;38;2019-08-26 10:22:02.520612;The Artist;2012;3.5
469;50;2019-04-13 12:26:17.259551;Crash;2006;3.16
470;2;2017-11-04 14:42:15.640293;Slumdog Millionaire;2009;3.09
471;34;2018-07-29 10:04:29.895782;The Departed;2007;3.48
472;57;2018-02-09 12:43:04.255572;Driving Miss Daisy;1990;3.59
473;4;2019-08-20 07:47:53.364918;The English Patient;1997;3.0
474;100;2019-03-03 10:49:38.489637;Driving Miss Daisy;1990;3.19
475;50;2018-03-24 06:25:26.224622;Forrest Gump;1995;3.04
476;54;2018-12-28 15:29:01.052285;Shakespeare in Love;1999;3.8
477;64;2018-10-30 15:32:28.200438;Driving Miss Daisy;1990;3.2
478;66;2016-10-21 09:36:27.824921;The King's Speech;2011;3.64
479;35;2017-12-15 07:30:57.260341;Green Book;2019;3.26
480;89;2017-05-26 05:51:31.411071;Titanic;1998;3.3
481;5;2017-11-25 19:29:18.511676;Slumdog Millionaire;2009;3.28
482;36;2018-01-30 00:02:09.954729;Titanic;1998;3.6
483;86;2017-04-27 23:34:33.535813;Schindler’s List;1994;3.46
484;56;2018-04-16 10:59:37.851241;The Hurt Locker;2010;3.74
485;74;2018-04-06 05:57:03.031807;Shakespeare in Love;1999;3.2
486;93;2019-01-27 01:22:46.808441;The English Patient;1997;3.82
487;68;2018-03-03 16:21:09.208624;Shakespeare in Love;1999;3.9
488;1;2019-07-30 14:55:10.442990;Titanic;1998;3.42
489;26;2018-06-05 00:11:12.788276;American Beauty;2000;3.51
490;59;2018-02-01 07:55:17.644412;A Beautiful Mind;2002;3.72
491;37;2018-02-21 19:32:34.366850;12 Years a Slave;2014;3.32
492;22;2017-11-09 21:35:27.323883;The Departed;2007;3.49
493;73;2017-12-01 15:06:41.116905;The Lord of the Rings: The Return of the King;2004;3.22
494;38;2016-12-09 20:19:32.806222;Titanic;1998;3.66
495;45;2017-01-10 03:54:08.487739;Dances With Wolves;1991;3.58
496;31;2019-08-28 05:16:25.291584;The King's Speech;2011;3.45
497;91;2018-04-06 17:25:28.303813;The King's Speech;2011;3.31
498;47;2016-12-18 05:07:31.635373;The Artist;2012;3.07
499;28;2019-01-13 16:20:05.463649;Unforgiven;1993;3.76
500;2;2018-01-03 06:07:33.045068;American Beauty;2000;3.58
501;68;2018-09-07 06:08:10.151317;12 Years a Slave;2014;3.23
502;100;2017-10-01 08:47:10.688458;Driving Miss Daisy;1990;3.08
503;98;2019-05-27 03:48:11.939470;No Country for Old Men;2008;3.56
504;61;2018-11-29 13:05:02.172659;A Beautiful Mind;2002;3.28
505;61;2019-05-24 12:18:52.940662;Gladiator;2001;3.93
506;94;2017-08-30 20:35:24.094977;The Hurt Locker;2010;3.87
507;93;2017-04-16 17:55:08.273046;Green Book;2019;3.05
508;35;2016-10-15 05:53:50.276358;Million Dollar Baby;2005;3.29
509;38;2019-01-01 18:36:50.616272;Dances With Wolves;1991;3.94
510;4;2017-06-30 19:45:55.722770;The Silence of the Lambs;1992;3.02
511;54;2017-11-25 16:04:55.245644;Shakespeare in Love;1999;3.04
512;53;2019-03-28 11:01:47.789749;The Silence of the Lambs;1992;3.38
513;34;2018-03-02 11:48:03.070715;Unforgiven;1993;3.58
514;94;2018-07-22 10:41:33.328195;American Beauty;2000;3.66
515;9;2018-08-21 03:50:27.314552;The Silence of the Lambs;1992;3.89
516;9;2018-05-18 22:54:29.057096;Unforgiven;1993;3.62
517;63;2019-06-08 11:27:38.685844;No Country for Old Men;2008;3.42
518;29;2018-09-06 11:01:43.217276;Moonlight;2017;3.26
519;8;2019-04-26 14:11:57.588850;The Lord of the Rings: The Return of the King;2004;3.36
520;5;2018-06-20 23:41:41.762212;Shakespeare in Love;1999;3.79
521;85;2019-04-26 15:12:50.118498;Moonlight;2017;3.19
522;81;2019-08-09 20:29:52.322768;Braveheart;1996;3.34
523;79;2019-02-24 02:59:09.663164;A Beautiful Mind;2002;3.84
524;4;2016-12-02 06:10:57.901910;Titanic;1998;3.59
525;47;2017-11-02 04:23:49.215843;The Lord of the Rings: The Return of the King;2004;3.44
526;30;2017-09-30 06:03:38.496217;The Departed;2007;3.67
527;52;2018-10-29 06:49:06.655572;A Beautiful Mind;2002;3.48
528;16;2016-11-09 12:28:49.666533;The English Patient;1997;3.67
529;100;2017-03-05 14:33:59.332701;Driving Miss Daisy;1990;3.46
530;86;2019-08-25 02:54:11.314023;Moonlight;2017;3.49
531;9;2016-10-06 20:17:18.997544;Chicago;2003;3.07
532;3;2018-05-25 03:56:19.309952;No Country for Old Men;2008;3.22
533;19;2017-03-26 02:07:09.053615;Unforgiven;1993;3.59
534;37;2016-12-27 10:08:50.962682;Titanic;1998;3.28
535;37;2017-08-06 12:10:11.719080;Moonlight;2017;3.45
536;65;2018-01-01 06:20:53.557719;Birdman;2015;3.2
537;26;2018-05-23 15:24:57.278305;Argo;2013;3.45
538;91;2018-07-25 15:57:49.207230;Spotlight;2016;3.14
539;37;2019-09-11 23:13:32.122464;The Hurt Locker;2010;3.16
540;98;2018-07-25 21:27:59.117812;Dances With Wolves;1991;3.29
541;53;2019-07-26 20:06:06.744068;Crash;2006;3.5
542;19;2018-08-25 07:09:00.720533;A Beautiful Mind;2002;3.21
543;92;2017-02-18 20:09:24.310919;Argo;2013;3.4
544;19;2018-02-08 19:39:19.218857;A Beautiful Mind;2002;3.72
545;20;2016-11-01 20:18:48.227941;The Hurt Locker;2010;3.62
546;99;2016-10-28 16:46:10.358718;Braveheart;1996;3.67
547;11;2019-10-01 13:42:04.300958;The Hurt Locker;2010;3.3
548;66;2018-05-14 23:06:34.340171;Birdman;2015;3.12
549;41;2018-03-29 01:45:55.510366;The Shape of Water;2018;3.27
550;98;2017-07-07 05:32:49.241585;Spotlight;2016;3.35
551;65;2017-04-15 04:57:36.445945;A Beautiful Mind;2002;3.39
552;18;2019-08-04 13:27:32.278674;The Silence of the Lambs;1992;3.99
553;87;2017-09-22 05:54:42.810640;Braveheart;1996;3.32
554;57;2017-04-26 11:27:42.352649;Argo;2013;3.86
555;94;2018-03-01 02:04:34.652245;Forrest Gump;1995;3.71
556;23;2017-08-25 17:46:30.022159;Titanic;1998;3.69
557;80;2019-03-29 17:24:21.979796;Green Book;2019;3.28
558;81;2017-08-08 18:49:14.356435;American Beauty;2000;3.37
559;79;2017-11-26 05:41:17.517497;No Country for Old Men;2008;3.52
560;84;2018-04-16 06:25:37.959904;Argo;2013;3.68
561;32;2017-01-10 13:30:48.400252;Million Dollar Baby;2005;3.44
562;87;2017-05-23 10:36:19.583423;Schindler’s List;1994;3.42
563;25;2018-12-31 12:39:42.634100;Chicago;2003;3.46
564;48;2019-07-11 14:36:51.851685;Slumdog Millionaire;2009;3.29
565;23;2019-03-06 14:34:28.619941;Argo;2013;3.4
566;52;2016-12-10 03:56:02.547105;Spotlight;2016;3.63
567;46;2019-04-28 19:00:26.053071;Braveheart;1996;3.94
568;42;2017-07-04 00:07:40.080318;Driving Miss Daisy;1990;3.97
569;71;2017-01-09 14:22:02.404197;No Country for Old Men;2008;3.11
570;9;2018-06-26 19:48:34.488709;Shakespeare in Love;1999;3.32
571;32;2017-10-31 20:48:18.912300;Dances With Wolves;1991;3.37
572;40;2017-11-08 13:15:44.782901;Unforgiven;1993;3.35
573;6;2016-12-26 09:50:32.570734;Million Dollar Baby;2005;3.07
574;31;2019-02-14 12:32:00.190409;Crash;2006;3.71
575;75;2018-03-10 22:12:07.436871;The Artist;2012;3.86
576;16;2019-09-11 23:53:14.774747;Dances With Wolves;1991;3.73
577;8;2018-09-03 01:52:51.803965;The Silence of the Lambs;1992;3.35
578;76;2019-09-07 00:05:25.090497;Chicago;2003;3.63
579;83;2016-10-11 10:14:02.767363;12 Years a Slave;2014;3.28
580;47;2017-03-20 13:21:22.747457;Titanic;1998;3.63
581;42;2016-10-29 16:04:13.445204;The Artist;2012;3.94
582;25;2017-11-14 03:25:44.000738;Braveheart;1996;3.23
583;17;2017-04-19 22:42:59.979711;Chicago;2003;3.3
584;25;2018-07-19 09:17:50.899988;Million Dollar Baby;2005;3.94
585;37;2017-06-27 16:39:11.171380;Forrest Gump;1995;3.43
586;94;2017-08-05 06:42:48.532624;A Beautiful Mind;2002;3.74
587;61;2019-09-14 05:20:36.879911;Green Book;2019;3.62
588;37;2017-01-25 02:18:22.079100;12 Years a Slave;2014;3.59
589;33;2018-12-24 21:08:12.271932;Slumdog Millionaire;2009;3.71
590;11;2018-12-15 20:25:34.951115;Shakespeare in Love;1999;3.9
591;91;2017-06-05 03:55:26.448038;No Country for Old Men;2008;3.66
592;28;2018-05-17 01:59:58.714936;Birdman;2015;3.38
593;11;2018-12-26 21:25:46.494885;Crash;2006;3.43
594;87;2018-05-03 05:14:08.707279;The English Patient;1997;3.84
595;76;2016-10-23 10:23:51.602842;Driving Miss Daisy;1990;3.36
596;27;2017-03-22 03:06:45.300353;The Hurt Locker;2010;3.33
597;84;2018-04-07 09:30:51.622851;Unforgiven;1993;3.29
598;33;2019-01-10 05:27:10.064837;Schindler’s List;1994;3.29
599;26;2018-01-05 00:12:36.085913;Green Book;2019;3.3
600;26;2019-05-15 23:29:58.471410;Titanic;1998;3.83
601;63;2019-01-29 07:08:41.715666;The Lord of the Rings: The Return of the King;2004;3.98
602;86;2019-07-31 23:17:29.335380;The Lord of the Rings: The Return of the King;2004;3.62
603;38;2019-08-10 14:44:32.534090;Spotlight;2016;3.43
604;9;2017-01-12 12:19:01.304267;Schindler’s List;1994;3.6
605;4;2017-03-13 01:06:07.944915;Unforgiven;1993;3.54
606;47;2018-03-09 02:12:38.656719;Chicago;2003;3.47
607;57;2016-12-31 12:05:53.892999;Dances With Wolves;1991;3.17
608;21;2018-05-12 03:32:27.588752;Birdman;2015;3.98
609;52;2018-10-02 23:50:10.986866;Slumdog Millionaire;2009;3.6
610;58;2018-06-03 04:37:08.576781;Moonlight;2017;3.38
611;78;2018-08-14 08:25:42.252168;Spotlight;2016;3.44
612;8;2018-06-09 19:09:13.594750;Driving Miss Daisy;1990;3.55
613;40;2017-12-22 04:28:23.784540;Argo;2013;3.94
614;66;2018-11-30 20:50:55.256320;The Hurt Locker;2010;3.17
615;49;2017-01-10 23:41:05.568491;Green Book;2019;3.09
616;83;2018-05-29 08:00:28.480932;Birdman;2015;3.58
617;15;2016-10-22 22:59:44.330608;Million Dollar Baby;2005;3.48
618;22;2017-07-29 20:08:40.725302;Crash;2006;3.7
619;87;2018-01-30 01:44:00.805160;Slumdog Millionaire;2009;3.21
620;100;2018-10-11 08:19:21.418173;The King's Speech;2011;3.43
621;67;2018-01-08 10:11:33.146903;The Departed;2007;3.22
622;30;2017-09-25 06:42:38.393810;Moonlight;2017;3.61
623;98;2017-01-23 20:57:25.983702;Titanic;1998;3.74
624;98;2019-04-19 00:36:45.756136;Dances With Wolves;1991;3.33
625;61;2016-11-26 17:19:30.388929;No Country for Old Men;2008;3.88
626;78;2018-08-17 21:48:50.693298;The Hurt Locker;2010;3.37
627;41;2018-03-27 22:25:55.835813;Schindler’s List;1994;3.63
628;78;2017-12-01 21:19:57.801006;Argo;2013;3.44
629;63;2018-07-28 22:41:48.996073;Green Book;2019;3.11
630;40;2017-04-22 12:21:22.727221;The Silence of the Lambs;1992;3.52
631;6;2018-07-29 10:01:16.381822;The Departed;2007;3.57
632;30;2017-04-18 05:17:02.982663;Slumdog Millionaire;2009;3.52
633;80;2017-12-26 09:22:26.343402;Forrest Gump;1995;3.36
634;58;2017-03-23 21:44:21.937166;Driving Miss Daisy;1990;3.14
635;92;2019-07-29 06:51:53.402364;Spotlight;2016;3.0
636;84;2017-12-18 23:39:14.912131;American Beauty;2000;3.21
637;53;2019-07-04 12:15:43.095984;Shakespeare in Love;1999;3.89
638;61;2017-12-03 16:57:37.533018;Unforgiven;1993;3.63
639;48;2019-05-19 06:01:27.015024;Braveheart;1996;3.54
640;60;2017-01-30 20:53:06.294427;Shakespeare in Love;1999;3.37
641;88;2017-03-14 11:44:10.958073;The Artist;2012;3.79
642;8;2018-10-08 20:26:33.051840;12 Years a Slave;2014;3.42
643;85;2018-04-25 00:52:31.709737;Slumdog Millionaire;2009;3.29
644;45;2016-10-16 11:58:31.622975;Schindler’s List;1994;3.3
645;86;2018-05-27 00:06:37.928947;Dances With Wolves;1991;3.6
646;12;2018-11-14 19:22:50.848436;Schindler’s List;1994;3.58
647;17;2018-05-13 04:08:03.165696;A Beautiful Mind;2002;3.86
648;75;2017-08-28 15:22:03.547393;Unforgiven;1993;3.1
649;6;2018-11-14 11:08:45.217735;The Hurt Locker;2010;3.13
650;22;2018-09-28 14:11:57.705165;Driving Miss Daisy;1990;3.5
651;40;2017-01-30 05:44:16.489998;The English Patient;1997;3.01
652;11;2017-11-04 10:13:09.591789;The King's Speech;2011;3.03
653;60;2018-11-05 17:32:40.816410;The Departed;2007;3.07
654;27;2016-10-18 10:21:07.173922;The English Patient;1997;3.65
655;89;2018-02-13 04:27:09.020104;Schindler’s List;1994;3.36
656;7;2018-07-26 15:22:37.178454;The Silence of the Lambs;1992;3.8
657;96;2017-03-16 08:59:50.849352;Chicago;2003;3.43
658;7;2017-01-15 03:51:43.182980;Million Dollar Baby;2005;3.72
659;59;2019-03-29 14:03:15.856278;Forrest Gump;1995;3.4
660;22;2018-03-18 11:46:23.927231;The Silence of the Lambs;1992;3.31
661;59;2017-02-04 22:01:44.068273;Slumdog Millionaire;2009;3.38
662;78;2019-09-24 03:54:35.162487;The Lord of the Rings: The Return of the King;2004;3.96
663;87;2019-09-24 05:39:05.187670;Green Book;2019;3.95
664;60;2017-09-02 22:13:22.532146;Dances With Wolves;1991;3.54
665;82;2018-01-09 20:20:16.187231;Forrest Gump;1995;3.32
666;62;2017-04-12 16:49:04.733576;The Silence of the Lambs;1992;3.27
667;65;2018-05-06 22:44:03.424499;Titanic;1998;3.07
668;9;2018-04-07 17:06:35.089504;Spotlight;2016;3.56
669;29;2016-12-15 16:58:26.569479;The Lord of the Rings: The Return of the King;2004;3.02
670;62;2018-10-24 10:45:27.021913;Driving Miss Daisy;1990;3.78
671;84;2018-06-01 22:23:17.108374;The Silence of the Lambs;1992;3.3
672;49;2018-10-04 13:49:24.480083;Argo;2013;3.85
673;38;2017-07-21 20:39:41.189551;Schindler’s List;1994;3.01
674;19;2019-01-02 19:26:47.643580;The Hurt Locker;2010;3.44
675;7;2018-06-07 00:29:58.505559;12 Years a Slave;2014;3.43
676;59;2019-01-09 21:57:56.229078;Shakespeare in Love;1999;3.83
677;40;2019-01-13 02:00:23.260603;Titanic;1998;3.78
678;74;2019-02-18 22:49:45.126044;Driving Miss Daisy;1990;3.21
679;50;2017-03-19 10:53:20.691706;Dances With Wolves;1991;3.04
680;59;2019-05-18 19:48:12.746993;12 Years a Slave;2014;3.01
681;80;2018-06-15 04:12:15.192904;Crash;2006;3.27
682;40;2018-07-08 07:58:38.507876;Titanic;1998;3.81
683;76;2019-08-26 15:28:37.746430;Slumdog Millionaire;2009;3.75
684;64;2017-09-02 17:31:04.715974;Forrest Gump;1995;3.95
685;31;2019-05-20 09:58:17.716685;Driving Miss Daisy;1990;3.26
686;5;2019-06-09 02:42:35.029360;The Silence of the Lambs;1992;3.28
687;78;2018-02-05 04:40:13.523635;The Lord of the Rings: The Return of the King;2004;3.64
688;19;2019-07-07 09:43:06.867920;Forrest Gump;1995;3.43
689;47;2017-01-12 03:57:41.937482;A Beautiful Mind;2002;3.18
690;7;2018-12-18 22:41:56.040058;Slumdog Millionaire;2009;3.35
691;62;2017-09-20 02:30:02.688169;American Beauty;2000;3.67
692;95;2018-03-01 12:50:17.805458;Crash;2006;3.65
693;14;2017-10-19 15:12:12.906374;Driving Miss Daisy;1990;3.87
694;47;2019-01-23 22:42:54.308390;Green Book;2019;3.57
695;32;2019-08-15 14:06:35.556287;The English Patient;1997;3.93
696;15;2019-03-15 16:46:55.282528;Schindler’s List;1994;3.37
697;47;2017-09-24 09:54:32.400408;Birdman;2015;3.83
698;81;2018-09-13 06:32:27.984223;The English Patient;1997;3.28
699;30;2018-11-22 11:31:36.245979;Slumdog Millionaire;2009;3.42
700;60;2019-06-05 00:41:22.226280;Forrest Gump;1995;3.07
701;23;2016-12-12 03:00:59.504938;Birdman;2015;3.49
702;93;2017-10-30 04:53:41.373667;Moonlight;2017;3.26
703;86;2017-01-07 12:07:53.401148;The Artist;2012;3.98
704;58;2017-03-28 12:32:54.221930;Slumdog Millionaire;2009;3.68
705;28;2019-02-08 05:12:10.409245;Argo;2013;3.5
706;59;2019-08-13 05:24:47.076432;Moonlight;2017;3.89
707;39;2019-08-22 23:59:35.823971;The King's Speech;2011;3.78
708;52;2019-02-18 19:16:23.013715;The Lord of the Rings: The Return of the King;2004;3.15
709;96;2019-03-23 04:38:21.143744;Moonlight;2017;3.21
710;61;2018-04-11 23:50:01.512527;Spotlight;2016;3.11
711;85;2017-02-06 22:33:59.497399;A Beautiful Mind;2002;3.76
712;42;2016-10-12 07:31:51.285530;The English Patient;1997;3.99
713;29;2018-06-07 12:07:29.109803;The Shape of Water;2018;3.54
714;57;2017-01-23 02:03:30.658489;Birdman;2015;3.87
715;4;2017-11-30 09:05:15.688573;The Hurt Locker;2010;3.71
716;20;2018-09-01 22:53:54.044964;The English Patient;1997;3.56
717;61;2017-03-18 09:34:15.302381;Million Dollar Baby;2005;3.49
718;56;2017-07-29 19:13:21.002205;The Lord of the Rings: The Return of the King;2004;3.47
719;47;2016-10-11 22:35:02.410128;Million Dollar Baby;2005;3.19
720;3;2019-05-02 15:30:55.046622;Driving Miss Daisy;1990;3.04
721;78;2018-06-27 08:37:48.416745;Unforgiven;1993;3.91
722;83;2017-12-17 15:36:29.194140;Unforgiven;1993;3.81
723;90;2019-01-03 23:20:59.784091;Crash;2006;3.7
724;46;2017-03-07 20:13:00.287002;Slumdog Millionaire;2009;3.51
725;5;2019-02-04 20:23:43.509462;Green Book;2019;3.94
726;46;2019-08-08 18:00:27.597726;Birdman;2015;3.47
727;12;2017-06-29 14:18:36.982569;Crash;2006;3.09
728;60;2019-06-06 04:17:13.986678;The English Patient;1997;3.54
729;43;2017-08-19 10:36:04.969851;Driving Miss Daisy;1990;3.25
730;85;2016-10-27 04:53:49.627112;The Artist;2012;3.8
731;99;2016-12-14 14:00:00.893428;Million Dollar Baby;2005;3.16
732;6;2016-11-27 21:19:56.044180;Gladiator;2001;3.38
733;93;2017-10-14 19:45:48.666917;12 Years a Slave;2014;3.03
734;22;2019-02-13 03:06:32.146855;Dances With Wolves;1991;3.78
735;44;2018-07-29 13:01:43.609035;Slumdog Millionaire;2009;3.88
736;43;2017-01-23 15:18:26.521403;The English Patient;1997;3.25
737;51;2017-04-27 22:40:38.739999;Gladiator;2001;3.49
738;31;2019-04-15 23:52:21.099379;Million Dollar Baby;2005;3.14
739;19;2016-12-07 04:36:33.239056;No Country for Old Men;2008;3.61
740;5;2019-07-30 15:32:22.434657;Slumdog Millionaire;2009;3.09
741;94;2019-04-26 23:17:06.813875;Schindler’s List;1994;3.01
742;92;2019-04-21 12:36:11.350475;American Beauty;2000;3.78
743;90;2018-11-09 09:35:28.919469;Forrest Gump;1995;3.55
744;86;2017-01-06 03:11:59.460427;Dances With Wolves;1991;3.82
745;95;2018-08-06 22:21:50.151735;Moonlight;2017;3.79
746;25;2017-01-14 21:06:47.767953;Birdman;2015;3.34
747;15;2017-12-28 20:23:02.394072;Schindler’s List;1994;3.14
748;32;2017-10-07 14:56:44.153690;The Departed;2007;3.57
749;71;2016-11-20 11:30:51.070867;The King's Speech;2011;3.73
750;78;2018-05-09 10:19:44.997382;Unforgiven;1993;3.74
751;22;2017-06-05 13:36:21.312120;Dances With Wolves;1991;3.95
752;66;2018-10-07 02:07:11.723704;Schindler’s List;1994;3.57
753;85;2018-03-18 04:16:25.098493;The Departed;2007;3.43
754;63;2017-01-05 19:57:29.905981;American Beauty;2000;3.9
755;71;2017-10-15 20:18:34.869860;Argo;2013;3.13
756;57;2019-03-07 13:36:37.279685;The Departed;2007;3.8
757;97;2019-01-05 01:52:35.976229;Spotlight;2016;3.29
758;8;2019-09-16 12:33:51.507667;Million Dollar Baby;2005;3.71
759;53;2019-02-04 18:55:46.644422;The Artist;2012;3.46
760;87;2019-02-10 03:11:55.313297;Shakespeare in Love;1999;3.95
761;17;2018-10-09 15:40:31.561706;Million Dollar Baby;2005;3.22
762;79;2019-03-10 21:31:06.721231;The Shape of Water;2018;3.16
763;79;2019-03-01 09:09:37.644620;Spotlight;2016;3.09
764;35;2019-07-01 17:04:47.538713;No Country for Old Men;2008;3.0
765;93;2017-03-28 20:12:01.337497;The English Patient;1997;3.69
766;29;2019-02-17 14:23:30.289119;Chicago;2003;3.27
767;71;2018-05-23 18:44:29.430610;Moonlight;2017;3.86
768;9;2017-12-27 13:21:57.819707;Green Book;2019;3.19
769;6;2018-11-25 03:14:52.996749;Million Dollar Baby;2005;3.46
770;97;2019-02-14 12:37:26.977137;Moonlight;2017;3.02
771;13;2018-10-05 06:53:43.200524;Gladiator;2001;3.75
772;68;2017-08-27 16:48:52.463740;Chicago;2003;3.75
773;54;2017-06-21 14:01:16.957637;Titanic;1998;3.53
774;81;2018-09-14 04:07:49.599519;Forrest Gump;1995;3.95
775;70;2016-12-02 19:44:07.015759;Chicago;2003;3.94
776;74;2019-01-20 14:37:25.760664;Driving Miss Daisy;1990;3.84
777;100;2018-05-02 13:12:43.888001;Shakespeare in Love;1999;3.72
778;98;2017-01-31 13:22:22.421646;Driving Miss Daisy;1990;3.37
779;99;2019-06-01 14:21:47.712898;Moonlight;2017;3.72
780;66;2017-10-14 01:08:52.422023;Unforgiven;1993;3.28
781;73;2017-09-28 13:08:56.801162;Braveheart;1996;3.65
782;50;2017-12-14 11:24:21.641945;No Country for Old Men;2008;3.82
783;31;2018-11-23 12:30:07.262682;Slumdog Millionaire;2009;3.91
784;26;2018-10-07 16:32:02.349691;Shakespeare in Love;1999;3.4
785;27;2018-10-05 05:16:28.656935;Million Dollar Baby;2005;3.28
786;79;2018-03-11 12:45:38.640341;12 Years a Slave;2014;3.05
787;30;2017-09-13 18:09:12.856302;American Beauty;2000;3.82
788;89;2018-02-05 21:32:18.744556;Moonlight;2017;3.03
789;88;2017-11-15 06:07:12.374815;Dances With Wolves;1991;3.66
790;20;2019-06-06 18:08:43.168261;Dances With Wolves;1991;3.25
791;38;2018-06-07 01:27:27.175755;The Artist;2012;3.52
792;27;2018-07-02 07:29:48.088614;Gladiator;2001;3.24
793;97;2017-05-01 13:52:39.154053;Slumdog Millionaire;2009;3.06
794;81;2018-05-05 19:31:40.967621;The Artist;2012;3.3
795;25;2017-03-21 18:24:30.628879;A Beautiful Mind;2002;3.32
796;22;2019-02-15 18:39:07.462965;The English Patient;1997;3.76
797;43;2017-10-17 04:38:23.470984;Spotlight;2016;3.64
798;14;2018-12-18 06:29:11.841579;The King's Speech;2011;3.48
799;63;2017-07-18 05:13:50.441608;Driving Miss Daisy;1990;3.37
800;7;2018-06-26 16:17:21.575141;Chicago;2003;3.28
801;9;2018-02-28 01:12:11.782490;American Beauty;2000;3.26
802;45;2019-06-12 22:38:24.883709;Moonlight;2017;3.24
803;62;2018-06-09 05:38:04.138388;Spotlight;2016;3.59
804;25;2019-03-05 09:16:29.534856;The Departed;2007;3.07
805;85;2018-06-05 06:02:07.542971;Chicago;2003;3.32
806;56;2016-11-25 18:33:03.003031;The Shape of Water;2018;3.39
807;7;2017-10-21 09:20:48.550436;Crash;2006;3.98
808;58;2017-08-17 13:42:15.703981;American Beauty;2000;3.6
809;9;2018-12-14 19:07:40.120308;Spotlight;2016;3.02
810;22;2018-11-29 08:58:29.791294;The Artist;2012;3.58
811;21;2019-06-20 18:48:46.319483;Argo;2013;3.39
812;15;2018-01-05 08:40:42.939672;The English Patient;1997;3.97
813;55;2019-09-08 10:50:41.780418;Titanic;1998;3.4
814;100;2017-01-27 06:29:28.519408;American Beauty;2000;3.88
815;65;2017-06-11 11:34:52.066329;Spotlight;2016;3.36
816;96;2019-03-27 03:36:20.552320;The Artist;2012;3.81
817;8;2019-04-02 01:19:48.800940;Driving Miss Daisy;1990;3.2
818;45;2017-03-23 12:03:33.461745;Shakespeare in Love;1999;3.71
819;53;2017-02-22 06:07:38.225182;Green Book;2019;3.15
820;73;2017-12-29 15:09:18.996801;The English Patient;1997;3.81
821;36;2018-02-05 04:22:48.919542;Slumdog Millionaire;2009;3.8
822;5;2017-03-14 12:13:43.617385;The Departed;2007;3.43
823;86;2016-11-17 05:06:24.641419;The Silence of the Lambs;1992;3.74
824;69;2019-04-16 11:21:12.200030;Crash;2006;3.92
825;67;2017-09-16 18:30:42.396593;Spotlight;2016;3.84
826;74;2017-08-14 19:16:03.565714;A Beautiful Mind;2002;3.67
827;59;2019-04-26 13:14:08.002458;The Artist;2012;3.81
828;15;2018-09-24 10:01:56.923130;American Beauty;2000;3.56
829;99;2018-06-28 01:25:37.429164;Crash;2006;3.52
830;26;2019-03-12 20:22:42.966444;Moonlight;2017;3.69
831;4;2018-08-27 14:32:10.817568;No Country for Old Men;2008;3.65
832;21;2019-01-23 11:42:54.433527;The Departed;2007;3.27
833;53;2017-04-12 13:52:11.188390;Crash;2006;3.44
834;23;2017-12-14 23:09:07.342206;Million Dollar Baby;2005;3.3
835;57;2018-09-02 20:14:44.651995;Braveheart;1996;3.88
836;13;2018-03-26 14:07:16.323482;Spotlight;2016;3.41
837;77;2018-08-01 12:39:13.954736;Birdman;2015;3.35
838;71;2018-07-21 18:53:50.501985;Titanic;1998;3.9
839;18;2017-06-12 21:57:36.636344;Unforgiven;1993;3.77
840;78;2016-10-11 12:33:43.092877;Million Dollar Baby;2005;3.47
841;39;2019-09-14 23:17:00.388948;Unforgiven;1993;3.99
842;51;2017-01-12 02:42:59.223414;Gladiator;2001;3.85
843;79;2018-11-19 13:36:14.561837;Million Dollar Baby;2005;3.45
844;72;2019-08-21 08:19:02.351855;Schindler’s List;1994;3.07
845;83;2017-02-23 08:12:49.734725;Titanic;1998;3.04
846;26;2017-07-09 05:59:49.875283;The King's Speech;2011;3.03
847;52;2018-05-08 00:53:34.912172;Crash;2006;3.55
848;1;2017-05-05 12:47:25.846040;A Beautiful Mind;2002;3.29
849;38;2017-11-06 16:54:43.404059;Argo;2013;3.55
850;8;2018-10-07 08:17:33.378264;12 Years a Slave;2014;3.73
851;89;2018-11-26 21:38:31.538810;Birdman;2015;3.83
852;85;2019-01-21 16:39:23.729653;Braveheart;1996;3.54
853;41;2018-11-05 22:42:35.640470;Million Dollar Baby;2005;3.17
854;7;2018-11-07 17:22:23.486138;Forrest Gump;1995;3.84
855;84;2018-09-17 02:25:47.756568;Spotlight;2016;3.42
856;65;2017-08-18 06:13:49.209861;The Hurt Locker;2010;3.59
857;54;2019-05-31 01:47:05.595780;Forrest Gump;1995;3.03
858;15;2018-08-21 06:24:29.671495;Gladiator;2001;3.98
859;20;2018-01-08 21:28:31.129557;The Lord of the Rings: The Return of the King;2004;3.92
860;65;2017-04-30 13:05:00.725323;The King's Speech;2011;3.85
861;8;2018-09-10 22:42:52.860461;The Shape of Water;2018;3.09
862;17;2017-05-31 07:59:21.637825;Green Book;2019;3.62
863;57;2017-07-23 00:09:08.116063;No Country for Old Men;2008;3.11
864;72;2018-08-29 01:02:07.110113;The Artist;2012;3.03
865;35;2019-04-17 12:40:35.421078;The Departed;2007;3.78
866;64;2018-12-19 02:52:06.976727;Green Book;2019;3.02
867;75;2017-05-01 00:56:20.750040;Spotlight;2016;3.8
868;29;2019-07-16 04:39:13.254608;The King's Speech;2011;3.3
869;9;2018-05-29 01:35:24.348151;The Hurt Locker;2010;3.49
870;87;2017-05-05 20:48:25.743915;The English Patient;1997;3.11
871;56;2018-01-30 05:31:44.997685;The English Patient;1997;3.56
872;5;2018-10-25 08:11:20.391754;The Artist;2012;3.21
873;25;2018-11-07 17:37:08.582094;American Beauty;2000;3.64
874;7;2019-09-07 04:54:12.019289;No Country for Old Men;2008;3.76
875;7;2017-08-18 05:39:26.431532;Slumdog Millionaire;2009;3.04
876;27;2018-06-28 22:07:08.303768;Birdman;2015;3.32
877;65;2017-12-12 03:27:01.858170;Schindler’s List;1994;3.29
878;39;2019-09-22 01:57:07.721987;A Beautiful Mind;2002;3.92
879;46;2018-09-18 07:33:30.479975;Driving Miss Daisy;1990;3.2
880;63;2018-11-29 05:54:23.437355;Chicago;2003;3.83
881;72;2017-03-19 07:29:06.674163;Moonlight;2017;3.29
882;16;2018-03-12 05:39:44.266989;12 Years a Slave;2014;3.45
883;57;2016-12-17 08:07:11.292159;The Lord of the Rings: The Return of the King;2004;3.81
884;75;2019-02-22 16:12:05.354933;The Lord of the Rings: The Return of the King;2004;3.83
885;48;2018-01-03 20:21:24.011638;Schindler’s List;1994;3.59
886;83;2018-08-02 17:16:33.201834;No Country for Old Men;2008;3.42
887;68;2019-04-09 01:37:54.321753;Birdman;2015;3.87
888;27;2017-04-27 05:25:54.765683;The Shape of Water;2018;3.67
889;34;2018-01-26 09:18:46.339821;The Lord of the Rings: The Return of the King;2004;3.02
890;33;2018-03-20 06:30:34.501687;Birdman;2015;3.73
891;28;2019-04-28 17:29:52.173537;Chicago;2003;3.01
892;77;2019-08-29 20:15:27.470539;Green Book;2019;3.42
893;18;2017-08-18 07:58:10.218903;12 Years a Slave;2014;3.23
894;12;2016-12-24 17:44:23.391015;The Lord of the Rings: The Return of the King;2004;3.43
895;46;2018-10-20 19:26:35.973298;Driving Miss Daisy;1990;3.09
896;35;2017-10-18 11:15:50.618834;Driving Miss Daisy;1990;3.47
897;89;2018-06-04 13:46:43.456402;Argo;2013;3.15
898;87;2019-02-24 23:22:11.884440;A Beautiful Mind;2002;3.66
899;13;2019-09-09 05:56:37.226975;Braveheart;1996;3.49
900;98;2017-07-21 06:01:39.896417;The English Patient;1997;3.2
901;12;2017-07-29 14:53:43.477845;Driving Miss Daisy;1990;3.12
902;12;2018-05-16 19:49:12.790149;Argo;2013;3.69
903;43;2018-08-26 04:20:28.131778;No Country for Old Men;2008;3.91
904;100;2019-01-19 11:24:11.767195;Driving Miss Daisy;1990;3.43
905;7;2016-12-20 12:25:55.551669;Unforgiven;1993;3.82
906;52;2019-07-20 06:56:42.852853;Slumdog Millionaire;2009;3.08
907;65;2018-02-04 04:38:20.493455;Gladiator;2001;3.94
908;90;2018-12-04 06:49:31.158098;Braveheart;1996;3.62
909;28;2018-06-23 21:31:19.654126;Spotlight;2016;3.85
910;11;2018-04-19 22:06:23.666522;Birdman;2015;3.06
911;30;2018-02-05 07:14:36.549255;12 Years a Slave;2014;3.66
912;72;2018-03-22 08:15:50.366997;Crash;2006;3.46
913;86;2018-12-24 13:15:08.042757;12 Years a Slave;2014;3.8
914;32;2017-07-20 04:58:38.318017;The Silence of the Lambs;1992;3.59
915;75;2018-12-09 08:59:58.959700;The Shape of Water;2018;3.74
916;42;2019-08-15 02:37:36.461699;Moonlight;2017;3.91
917;68;2017-04-01 04:01:50.816836;Shakespeare in Love;1999;3.64
918;80;2017-11-19 07:00:46.367507;The English Patient;1997;3.68
919;1;2017-01-27 03:31:47.382838;The Shape of Water;2018;3.19
920;95;2017-06-11 14:55:33.856427;Schindler’s List;1994;3.33
921;19;2018-01-28 01:42:08.439857;Argo;2013;3.03
922;6;2019-09-10 01:11:06.763241;Titanic;1998;3.79
923;67;2019-04-28 22:55:51.004983;Spotlight;2016;3.44
924;4;2017-04-06 13:08:44.632275;The Lord of the Rings: The Return of the King;2004;3.25
925;19;2019-05-21 20:51:21.051989;Crash;2006;3.44
926;2;2016-10-05 02:49:46.734668;Green Book;2019;3.32
927;43;2017-05-15 23:42:36.598201;Slumdog Millionaire;2009;3.01
928;70;2018-11-21 03:35:57.015097;Chicago;2003;3.11
929;15;2016-10-09 00:43:02.669077;Argo;2013;3.97
930;18;2017-08-11 17:18:22.484276;The Lord of the Rings: The Return of the King;2004;3.61
931;68;2018-03-19 21:09:47.155856;The English Patient;1997;3.25
932;7;2018-05-11 06:49:29.003200;The Artist;2012;3.84
933;1;2016-12-26 13:54:57.792879;The Departed;2007;3.3
934;93;2018-12-19 02:46:13.112347;Gladiator;2001;3.41
935;80;2018-06-08 22:11:22.084273;Driving Miss Daisy;1990;3.01
936;36;2019-06-15 03:40:01.089336;Unforgiven;1993;3.23
937;88;2017-04-19 13:32:49.279997;Birdman;2015;3.17
938;72;2017-12-28 08:53:09.400592;Gladiator;2001;3.84
939;66;2018-01-18 13:36:22.369068;Green Book;2019;3.31
940;46;2017-07-27 01:36:22.649208;Schindler’s List;1994;3.31
941;20;2019-05-05 21:59:47.413669;Birdman;2015;3.79
942;56;2017-04-29 14:30:33.911292;Crash;2006;3.32
943;2;2017-10-20 06:39:12.314865;No Country for Old Men;2008;3.71
944;64;2018-05-26 17:21:53.659369;Forrest Gump;1995;3.32
945;27;2017-02-14 10:41:25.535026;Titanic;1998;3.23
946;99;2017-07-11 10:11:55.941601;Braveheart;1996;3.62
947;67;2017-07-10 17:51:13.642890;The Shape of Water;2018;3.28
948;55;2018-10-25 03:59:59.181898;Braveheart;1996;3.62
949;65;2018-07-26 17:10:48.873140;The English Patient;1997;3.73
950;83;2018-08-15 04:50:26.196785;Titanic;1998;3.26
951;45;2018-05-23 03:35:15.252295;Slumdog Millionaire;2009;3.86
952;38;2018-05-10 07:42:14.856883;Argo;2013;3.87
953;5;2017-12-30 00:21:13.778653;12 Years a Slave;2014;3.69
954;37;2017-05-26 01:59:25.902762;Crash;2006;3.06
955;98;2018-09-17 22:03:10.097470;The Lord of the Rings: The Return of the King;2004;3.43
956;17;2019-08-04 16:34:24.485346;The Silence of the Lambs;1992;3.56
957;20;2019-03-22 16:14:15.772759;Unforgiven;1993;3.99
958;66;2017-03-08 00:39:53.486877;Titanic;1998;3.26
959;69;2016-10-03 03:17:48.533875;Slumdog Millionaire;2009;3.81
960;60;2018-05-04 23:12:36.577477;Birdman;2015;3.58
961;47;2017-11-06 19:44:39.519120;Braveheart;1996;3.04
962;100;2019-01-17 12:40:13.066315;Shakespeare in Love;1999;3.28
963;2;2016-10-31 23:29:10.639689;A Beautiful Mind;2002;3.41
964;4;2018-01-26 20:12:39.736043;The Departed;2007;3.37
965;97;2019-02-20 08:49:15.295736;Forrest Gump;1995;3.72
966;43;2019-01-08 10:03:29.080317;Spotlight;2016;3.9
967;47;2017-11-14 06:47:04.123827;The Silence of the Lambs;1992;3.18
968;83;2018-09-29 10:01:52.473453;Dances With Wolves;1991;3.07
969;68;2019-07-24 22:34:47.450366;Titanic;1998;3.12
970;55;2019-03-21 10:34:00.890692;The English Patient;1997;3.83
971;53;2017-08-09 04:17:27.281566;Dances With Wolves;1991;3.39
972;50;2019-08-10 23:49:28.242743;Gladiator;2001;3.83
973;80;2017-06-30 02:27:25.353293;The Shape of Water;2018;3.05
974;35;2017-03-28 02:22:11.534588;12 Years a Slave;2014;3.99
975;89;2018-11-12 23:05:06.358498;Million Dollar Baby;2005;3.01
976;6;2017-09-30 10:45:07.981195;The Departed;2007;3.24
977;27;2017-11-02 16:50:52.976611;Braveheart;1996;3.2
978;73;2018-11-05 08:26:42.364003;Slumdog Millionaire;2009;3.34
979;1;2017-06-17 00:20:18.264024;Argo;2013;3.8
980;94;2019-06-17 12:55:02.395396;Chicago;2003;3.49
981;21;2017-09-15 10:44:45.308457;Dances With Wolves;1991;3.67
982;3;2019-07-14 05:15:08.417190;Schindler’s List;1994;3.85
983;6;2019-05-23 05:11:17.883421;Titanic;1998;3.84
984;52;2017-12-15 02:38:22.005621;Schindler’s List;1994;3.31
985;53;2018-05-05 18:05:49.529204;Argo;2013;3.65
986;84;2017-03-24 04:50:32.529182;Driving Miss Daisy;1990;3.58
987;16;2018-05-26 01:27:09.080818;Argo;2013;3.83
988;20;2018-02-27 16:23:40.618351;Spotlight;2016;3.42
989;59;2019-07-19 16:50:59.863265;Braveheart;1996;3.34
990;11;2017-12-31 19:02:27.409140;Moonlight;2017;3.14
991;70;2019-04-05 09:26:04.546663;A Beautiful Mind;2002;3.37
992;16;2017-04-20 04:41:04.861394;The Silence of the Lambs;1992;3.91
993;8;2017-01-28 05:24:30.370014;Gladiator;2001;3.49
994;42;2017-08-15 17:49:32.532354;Slumdog Millionaire;2009;3.13
995;87;2018-07-13 15:05:24.385373;The King's Speech;2011;3.13
996;2;2016-12-05 14:41:20.688619;The Shape of Water;2018;3.88
997;48;2017-06-25 10:42:14.386764;Green Book;2019;3.09
998;62;2019-01-19 03:54:59.246733;A Beautiful Mind;2002;3.77
999;65;2019-03-29 04:11:28.554139;Million Dollar Baby;2005;3.47
